{
    "000": {
        "00": [
            6.8515700884738715,
            2.7945281657410312,
            87.53835577290657,
            0.047997069734917346
        ],
        "01": [
            11.004211113313637,
            1.6428428035688718,
            373.07756724805137,
            0.08787837813386672
        ],
        "02": [
            7.898006016294958,
            2.6583521200511844,
            174.4540446648776,
            0.035897348521586464
        ],
        "03": [
            5.633640978574215,
            2.5798559306230127,
            26.71481816028311,
            0.05674744821088334
        ],
        "04": [
            2.9509766335884153,
            2.8616834858059854,
            8.141533845822414,
            0.0366672753905766
        ],
        "05": [
            4.930843954904311,
            2.3294604765971965,
            64.59966084548495,
            0.053578416066288236
        ],
        "06": [
            7.274234616540892,
            2.373901394283164,
            32.259569242527206,
            0.048343546110609405
        ],
        "07": [
            7.878321020124354,
            3.3537938212257665,
            22.99568110088694,
            0.07846900163814426
        ],
        "08": [
            7.213735800242393,
            3.1654831437647295,
            219.7550993735268,
            0.05059937427336144
        ],
        "09": [
            7.4829314418838315,
            2.690318205962766,
            90.80553033725432,
            0.03862958324362582
        ],
        "10": [
            5.909615788019952,
            3.1055250139130086,
            53.05034914853895,
            0.07082787682183612
        ]
    }
}