{
    "000": {
        "00": [
            5.757727127850553,
            2.4185630161529392,
            135.47801604328524,
            0.06274220025488617
        ],
        "01": [
            20.461822476437224,
            1.59371314344313,
            322.56863565526874,
            0.17488885035204046
        ],
        "02": [
            5.661000284303213,
            2.0320330458300604,
            118.98573307024486,
            0.040624151510670295
        ],
        "03": [
            6.44340173526204,
            2.390911299852293,
            18.13605028958358,
            0.06519702669245815
        ],
        "04": [
            5.923897951340322,
            3.7443514821535206,
            12.674740495173475,
            0.06280869673697688
        ],
        "05": [
            4.621216509971184,
            2.5372745401778385,
            78.77628300182351,
            0.057531077535228424
        ],
        "06": [
            6.066579427870457,
            1.4355347453268668,
            26.361351441502286,
            0.0658704915919652
        ],
        "07": [
            5.604478236443294,
            3.20320235057603,
            22.32210452255636,
            0.07903131804837044
        ],
        "08": [
            7.649039710339986,
            3.7627746447953707,
            285.3985201538497,
            0.06047053798516147
        ],
        "09": [
            7.649548412942714,
            2.7225739442457404,
            79.65655494462106,
            0.044225142008960765
        ],
        "10": [
            8.687157109028076,
            4.0551933101293685,
            55.242222418876196,
            0.09080215891771162
        ]
    }
}